machine,utc-timestamp,app,peep_ms,peep_size,nopeep_ms,nopeep_size
MacBook-Pro-3,2026-06-16T09:17:45Z,adaint,29,26624,27,30976
MacBook-Pro-3,2026-06-16T09:17:45Z,bint,27,17792,29,21248
MacBook-Pro-3,2026-06-16T09:17:45Z,cint,29,30592,28,37504
MacBook-Pro-3,2026-06-16T09:17:45Z,cobint,28,20224,28,24192
MacBook-Pro-3,2026-06-16T09:17:45Z,cpmenumd,27,5120,28,5504
MacBook-Pro-3,2026-06-16T09:17:45Z,e,27,2560,28,2560
MacBook-Pro-3,2026-06-16T09:17:45Z,EU,28,2560,28,2560
MacBook-Pro-3,2026-06-16T09:17:45Z,fact,27,2304,28,2304
MacBook-Pro-3,2026-06-16T09:17:45Z,fileops,28,7680,29,7936
MacBook-Pro-3,2026-06-16T09:17:45Z,fint,29,27776,29,32384
MacBook-Pro-3,2026-06-16T09:17:45Z,forint,30,27776,28,33408
MacBook-Pro-3,2026-06-16T09:17:45Z,mm,28,6784,27,6912
MacBook-Pro-3,2026-06-16T09:17:45Z,na,28,17664,28,21504
MacBook-Pro-3,2026-06-16T09:17:45Z,nqueens,27,2816,27,3072
MacBook-Pro-3,2026-06-16T09:17:45Z,pihex,28,14464,27,14976
MacBook-Pro-3,2026-06-16T09:17:45Z,pint,28,26752,27,31104
MacBook-Pro-3,2026-06-16T09:17:45Z,primes,28,4224,26,4480
MacBook-Pro-3,2026-06-16T09:17:45Z,sieve,30,2176,27,2304
MacBook-Pro-3,2026-06-16T09:17:45Z,SIEVEU,26,2176,27,2304
MacBook-Pro-3,2026-06-16T09:17:45Z,spsmash,28,2816,28,2944
MacBook-Pro-3,2026-06-16T09:17:45Z,t2darr,28,3968,27,4096
MacBook-Pro-3,2026-06-16T09:17:45Z,tallocx,34,10880,28,12800
MacBook-Pro-3,2026-06-16T09:17:45Z,tap,27,6784,27,6784
MacBook-Pro-3,2026-06-16T09:17:45Z,targs,28,2048,27,2048
MacBook-Pro-3,2026-06-16T09:17:45Z,tarray,28,6528,27,7168
MacBook-Pro-3,2026-06-16T09:17:45Z,tbdos,27,2432,27,2432
MacBook-Pro-3,2026-06-16T09:17:45Z,tbitfld,28,4352,26,4480
MacBook-Pro-3,2026-06-16T09:17:45Z,tbits,28,5120,27,5120
MacBook-Pro-3,2026-06-16T09:17:45Z,tbsearch,28,4480,27,5120
MacBook-Pro-3,2026-06-16T09:17:45Z,tbug,28,3072,28,3328
MacBook-Pro-3,2026-06-16T09:17:45Z,tbug2,28,2304,27,2432
MacBook-Pro-3,2026-06-16T09:17:45Z,tc89bit,28,3456,27,3456
MacBook-Pro-3,2026-06-16T09:17:45Z,tc89comp,27,5248,27,5376
MacBook-Pro-3,2026-06-16T09:17:45Z,tc89core,29,2048,28,2048
MacBook-Pro-3,2026-06-16T09:17:45Z,tc89decl,27,2688,27,2816
MacBook-Pro-3,2026-06-16T09:17:45Z,tc89fadd,27,3968,27,4224
MacBook-Pro-3,2026-06-16T09:17:45Z,tc89fcmp,27,6144,27,6144
MacBook-Pro-3,2026-06-16T09:17:45Z,tc89fcnv,27,2816,27,3200
MacBook-Pro-3,2026-06-16T09:17:45Z,tc89fdiv,27,4352,27,4608
MacBook-Pro-3,2026-06-16T09:17:45Z,tc89ffio,27,4736,27,4736
MacBook-Pro-3,2026-06-16T09:17:45Z,tc89fini,27,6400,27,6528
MacBook-Pro-3,2026-06-16T09:17:45Z,tc89flng,27,5888,27,6144
MacBook-Pro-3,2026-06-16T09:17:45Z,tc89flt,29,2176,27,2176
MacBook-Pro-3,2026-06-16T09:17:45Z,tc89flta,28,3072,27,3200
MacBook-Pro-3,2026-06-16T09:17:45Z,tc89fltc,27,2688,27,2688
MacBook-Pro-3,2026-06-16T09:17:45Z,tc89fmat,27,6400,26,6656
MacBook-Pro-3,2026-06-16T09:17:45Z,tc89fmul,27,4864,27,5120
MacBook-Pro-3,2026-06-16T09:17:45Z,tc89fnty,28,2560,27,2560
MacBook-Pro-3,2026-06-16T09:17:45Z,tc89fp,27,2560,27,2560
MacBook-Pro-3,2026-06-16T09:17:45Z,tc89fptr,27,2560,28,2816
MacBook-Pro-3,2026-06-16T09:17:45Z,tc89fs,28,2944,26,3072
MacBook-Pro-3,2026-06-16T09:17:45Z,tc89ini2,28,3968,26,5376
MacBook-Pro-3,2026-06-16T09:17:45Z,tc89init,27,3072,27,3200
MacBook-Pro-3,2026-06-16T09:17:45Z,tc89pp,30,2176,27,2176
MacBook-Pro-3,2026-06-16T09:17:45Z,tc89ptr,27,3584,28,4096
MacBook-Pro-3,2026-06-16T09:17:45Z,tc89qual,28,2560,27,2560
MacBook-Pro-3,2026-06-16T09:17:45Z,tc89size,27,2944,27,2944
MacBook-Pro-3,2026-06-16T09:17:45Z,tc89swjt,29,3968,28,4096
MacBook-Pro-3,2026-06-16T09:17:45Z,tc89uac,28,2816,27,2816
MacBook-Pro-3,2026-06-16T09:17:45Z,tc99scpe,26,3968,27,4224
MacBook-Pro-3,2026-06-16T09:17:45Z,tchess,28,17152,27,23168
MacBook-Pro-3,2026-06-16T09:17:45Z,tcmp,28,9088,26,9344
MacBook-Pro-3,2026-06-16T09:17:45Z,tcmt99,28,2688,27,2816
MacBook-Pro-3,2026-06-16T09:17:45Z,tcnstfld,27,2688,28,2816
MacBook-Pro-3,2026-06-16T09:17:45Z,tcrcfix,28,7168,27,8064
MacBook-Pro-3,2026-06-16T09:17:45Z,tctxflt,28,17536,27,18304
MacBook-Pro-3,2026-06-16T09:17:45Z,tctxops,28,10880,28,11264
MacBook-Pro-3,2026-06-16T09:17:45Z,tctype,28,4096,27,4480
MacBook-Pro-3,2026-06-16T09:17:45Z,tdecinit,28,2560,27,2560
MacBook-Pro-3,2026-06-16T09:17:45Z,tdecl,27,3200,27,3328
MacBook-Pro-3,2026-06-16T09:17:45Z,tdirent,28,2944,31,3072
MacBook-Pro-3,2026-06-16T09:17:45Z,tdowhile,28,2560,27,2688
MacBook-Pro-3,2026-06-16T09:17:45Z,tenum,28,2560,28,2944
MacBook-Pro-3,2026-06-16T09:17:45Z,terrno,27,5888,28,6016
MacBook-Pro-3,2026-06-16T09:17:45Z,tesc,29,8960,28,9088
MacBook-Pro-3,2026-06-16T09:17:45Z,tfarrsub,29,4480,28,4736
MacBook-Pro-3,2026-06-16T09:17:45Z,tfio,30,4608,27,4736
MacBook-Pro-3,2026-06-16T09:17:45Z,tfo,27,4608,28,4736
MacBook-Pro-3,2026-06-16T09:17:45Z,tforblk,28,5120,27,5376
MacBook-Pro-3,2026-06-16T09:17:45Z,tforsco,29,5120,27,5376
MacBook-Pro-3,2026-06-16T09:17:45Z,tgoto,33,3072,28,3328
MacBook-Pro-3,2026-06-16T09:17:45Z,tifcom,27,1920,28,1920
MacBook-Pro-3,2026-06-16T09:17:45Z,tinitreg,27,3968,28,4096
MacBook-Pro-3,2026-06-16T09:17:45Z,tioerr,28,5760,27,6016
MacBook-Pro-3,2026-06-16T09:17:45Z,tkandr,27,2688,27,2816
MacBook-Pro-3,2026-06-16T09:17:45Z,tkbd,0,2048,0,2176
MacBook-Pro-3,2026-06-16T09:17:45Z,tlcont,29,2688,28,2688
MacBook-Pro-3,2026-06-16T09:17:45Z,tlimits,29,2304,28,2432
MacBook-Pro-3,2026-06-16T09:17:45Z,tlog,29,8448,27,8576
MacBook-Pro-3,2026-06-16T09:17:45Z,tlong,28,7040,27,7424
MacBook-Pro-3,2026-06-16T09:17:45Z,tlongaud,28,4864,28,5248
MacBook-Pro-3,2026-06-16T09:17:45Z,tlongidx,28,3072,28,3328
MacBook-Pro-3,2026-06-16T09:17:45Z,tlongopt,28,15104,27,15616
MacBook-Pro-3,2026-06-16T09:17:45Z,tlongreg,28,8448,28,8704
MacBook-Pro-3,2026-06-16T09:17:45Z,tlongsub,28,6016,28,6144
MacBook-Pro-3,2026-06-16T09:17:45Z,tm,27,4224,27,4352
MacBook-Pro-3,2026-06-16T09:17:45Z,tmalloch,28,3072,27,3328
MacBook-Pro-3,2026-06-16T09:17:45Z,tmathf,28,18048,27,18048
MacBook-Pro-3,2026-06-16T09:17:45Z,tmod3216,27,2816,28,2816
MacBook-Pro-3,2026-06-16T09:17:45Z,tmuldiv,27,6656,28,6912
MacBook-Pro-3,2026-06-16T09:17:45Z,tmulpow2,28,2688,27,2816
MacBook-Pro-3,2026-06-16T09:17:45Z,toffset,27,2304,27,2304
MacBook-Pro-3,2026-06-16T09:17:45Z,too,29,19584,28,21120
MacBook-Pro-3,2026-06-16T09:17:45Z,tphi,27,4992,27,4992
MacBook-Pro-3,2026-06-16T09:17:45Z,tpi,28,3712,27,3840
MacBook-Pro-3,2026-06-16T09:17:45Z,tportio,28,2048,27,2176
MacBook-Pro-3,2026-06-16T09:17:45Z,tpostfld,28,2560,27,2560
MacBook-Pro-3,2026-06-16T09:17:45Z,tpostidx,29,2048,28,2048
MacBook-Pro-3,2026-06-16T09:17:45Z,tpostut,28,2432,27,2432
MacBook-Pro-3,2026-06-16T09:17:45Z,tppifcom,27,1920,28,1920
MacBook-Pro-3,2026-06-16T09:17:45Z,tppreg,27,2304,28,2304
MacBook-Pro-3,2026-06-16T09:17:45Z,tpreproc,27,2816,35,2816
MacBook-Pro-3,2026-06-16T09:17:45Z,tprintf,27,6272,27,6272
MacBook-Pro-3,2026-06-16T09:17:45Z,tpromo,27,11008,28,11392
MacBook-Pro-3,2026-06-16T09:17:45Z,tpromo2,27,5120,28,5248
MacBook-Pro-3,2026-06-16T09:17:45Z,tptrdiff,28,2304,27,2432
MacBook-Pro-3,2026-06-16T09:17:45Z,tqsort,28,6400,28,7296
MacBook-Pro-3,2026-06-16T09:17:45Z,treg,28,4736,28,5120
MacBook-Pro-3,2026-06-16T09:17:45Z,tret,27,4608,27,4992
MacBook-Pro-3,2026-06-16T09:17:45Z,triangle,28,2176,27,2176
MacBook-Pro-3,2026-06-16T09:17:45Z,trig,28,16512,28,16768
MacBook-Pro-3,2026-06-16T09:17:45Z,trtl2,27,6400,27,6784
MacBook-Pro-3,2026-06-16T09:17:45Z,trw,27,6528,27,6784
MacBook-Pro-3,2026-06-16T09:17:45Z,trw2,26,6528,27,6784
MacBook-Pro-3,2026-06-16T09:17:45Z,trwold,27,5760,27,5888
MacBook-Pro-3,2026-06-16T09:17:45Z,ts,27,5504,27,6144
MacBook-Pro-3,2026-06-16T09:17:45Z,tscanf,27,8320,28,8448
MacBook-Pro-3,2026-06-16T09:17:45Z,tsetjmp,27,2304,27,2304
MacBook-Pro-3,2026-06-16T09:17:45Z,tsprintf,27,3712,27,3840
MacBook-Pro-3,2026-06-16T09:17:45Z,tstackov,28,2176,27,2176
MacBook-Pro-3,2026-06-16T09:17:45Z,tstdc,28,2048,28,2048
MacBook-Pro-3,2026-06-16T09:17:45Z,tstdlib,27,6656,27,6784
MacBook-Pro-3,2026-06-16T09:17:45Z,tstfield,26,3328,27,3456
MacBook-Pro-3,2026-06-16T09:17:45Z,tstr,28,8576,28,9344
MacBook-Pro-3,2026-06-16T09:17:45Z,tstr2,26,3456,28,3712
MacBook-Pro-3,2026-06-16T09:17:45Z,tstr3,28,4480,28,4608
MacBook-Pro-3,2026-06-16T09:17:45Z,tstrconv,26,12288,28,12416
MacBook-Pro-3,2026-06-16T09:17:45Z,tstretst,28,4224,28,4480
MacBook-Pro-3,2026-06-16T09:17:45Z,tstri2,26,3072,28,3200
MacBook-Pro-3,2026-06-16T09:17:45Z,tstrify,27,2560,27,2560
MacBook-Pro-3,2026-06-16T09:17:45Z,tstring,28,6400,28,6912
MacBook-Pro-3,2026-06-16T09:17:45Z,tstruct,28,2688,28,2816
MacBook-Pro-3,2026-06-16T09:17:45Z,tstructi,27,3200,27,3328
MacBook-Pro-3,2026-06-16T09:17:45Z,tstructp,28,2432,29,2560
MacBook-Pro-3,2026-06-16T09:17:45Z,tstructv,27,5632,28,5760
MacBook-Pro-3,2026-06-16T09:17:45Z,tswitch,27,2304,29,2432
MacBook-Pro-3,2026-06-16T09:17:45Z,tsyntax,27,4096,28,4224
MacBook-Pro-3,2026-06-16T09:17:45Z,ttrig,27,22144,28,22656
MacBook-Pro-3,2026-06-16T09:17:45Z,ttt,27,2816,28,5632
MacBook-Pro-3,2026-06-16T09:17:45Z,TTTU,27,2816,28,5632
MacBook-Pro-3,2026-06-16T09:17:45Z,ttype2,27,2944,28,3072
MacBook-Pro-3,2026-06-16T09:17:45Z,ttypesr,28,3200,27,3328
MacBook-Pro-3,2026-06-16T09:17:45Z,tunary,28,4864,29,5760
MacBook-Pro-3,2026-06-16T09:17:45Z,tunaryp,27,4736,28,4864
MacBook-Pro-3,2026-06-16T09:17:45Z,tunion,27,2176,27,2304
MacBook-Pro-3,2026-06-16T09:17:45Z,tunion2,27,3072,28,3200
MacBook-Pro-3,2026-06-16T09:17:45Z,tvariad,28,2560,27,2560
MacBook-Pro-3,2026-06-16T09:17:45Z,tzpad,28,3840,27,3840
MacBook-Pro-3,2026-06-16T09:17:45Z,wumpus,28,11520,29,13824
dgMint,2026-06-19T02:57:53Z,a1,16,20480,20,23680
dgMint,2026-06-19T02:57:53Z,adaint,769,27136,1103,31488
dgMint,2026-06-19T02:57:53Z,bint,460,18304,784,21632
dgMint,2026-06-19T02:57:53Z,cint,765,31104,1168,38016
dgMint,2026-06-19T02:57:53Z,cobint,4196,20736,5167,24704
dgMint,2026-06-19T02:57:53Z,cpmenumd,3,5632,3,6016
dgMint,2026-06-19T02:57:53Z,e,40,3072,41,3072
dgMint,2026-06-19T02:57:53Z,fact,9,2816,1,2944
dgMint,2026-06-19T02:57:53Z,fileops,32,8192,20,8576
dgMint,2026-06-19T02:57:53Z,fint,374,28288,570,32512
dgMint,2026-06-19T02:57:53Z,forint,1078,28288,1337,33664
dgMint,2026-06-19T02:57:53Z,mm,131,7296,139,7424
dgMint,2026-06-19T02:57:53Z,nqueens,34,3328,48,3584
dgMint,2026-06-19T02:57:53Z,pihex,2202,14976,2162,15488
dgMint,2026-06-19T02:57:53Z,pint,244,27392,525,31616
dgMint,2026-06-19T02:57:53Z,primes,20,4736,12,4992
dgMint,2026-06-19T02:57:53Z,sieve,21,2688,69,2816
dgMint,2026-06-19T02:57:53Z,t2darr,1,4480,8,4608
dgMint,2026-06-19T02:57:53Z,tallocx,157,11392,172,13312
dgMint,2026-06-19T02:57:53Z,tap,138,7296,137,7424
dgMint,2026-06-19T02:57:53Z,targs,8,2560,2,2560
dgMint,2026-06-19T02:57:53Z,tarray,13,7040,21,7680
dgMint,2026-06-19T02:57:53Z,tasm,2,2816,2,2816
dgMint,2026-06-19T02:57:53Z,tbdos,3,2944,3,2944
dgMint,2026-06-19T02:57:53Z,tbitfld,7,4864,4,4992
dgMint,2026-06-19T02:57:53Z,tbits,9,5632,10,5632
dgMint,2026-06-19T02:57:53Z,tbsearch,5,4992,5,5632
dgMint,2026-06-19T02:57:53Z,tbufex,4,3072,9,3072
dgMint,2026-06-19T02:57:53Z,tbug,3,3712,17,3968
dgMint,2026-06-19T02:57:53Z,tbug2,22,2944,14,2944
dgMint,2026-06-19T02:57:53Z,tc89bit,2,3968,1,3968
dgMint,2026-06-19T02:57:53Z,tc89comp,4,5760,8,5888
dgMint,2026-06-19T02:57:53Z,tc89core,5,2560,6,2688
dgMint,2026-06-19T02:57:53Z,tc89decl,2,3200,9,3328
dgMint,2026-06-19T02:57:53Z,tc89fadd,2,4480,4,4736
dgMint,2026-06-19T02:57:53Z,tc89fcmp,6,6656,3,6656
dgMint,2026-06-19T02:57:53Z,tc89fcnv,8,3328,1,3712
dgMint,2026-06-19T02:57:53Z,tc89fdiv,3,4864,3,5120
dgMint,2026-06-19T02:57:53Z,tc89ffio,4,5248,6,5248
dgMint,2026-06-19T02:57:53Z,tc89fini,4,6912,3,7040
dgMint,2026-06-19T02:57:53Z,tc89flng,9,6400,1,6656
dgMint,2026-06-19T02:57:53Z,tc89flt,2,2688,8,2816
dgMint,2026-06-19T02:57:53Z,tc89flta,5,3584,2,3712
dgMint,2026-06-19T02:57:53Z,tc89fltc,14,3200,6,3200
dgMint,2026-06-19T02:57:53Z,tc89fmat,5,6912,3,7168
dgMint,2026-06-19T02:57:53Z,tc89fmul,6,5376,6,5632
dgMint,2026-06-19T02:57:53Z,tc89fnty,4,3072,7,3200
dgMint,2026-06-19T02:57:53Z,tc89fp,3,3072,4,3200
dgMint,2026-06-19T02:57:53Z,tc89fptr,3,3200,5,3328
dgMint,2026-06-19T02:57:53Z,tc89fs,5,3456,4,3712
dgMint,2026-06-19T02:57:53Z,tc89ini2,5,4480,8,5888
dgMint,2026-06-19T02:57:53Z,tc89init,11,3712,3,3712
dgMint,2026-06-19T02:57:53Z,tc89pp,4,2688,6,2688
dgMint,2026-06-19T02:57:53Z,tc89ptr,2,4096,8,4608
dgMint,2026-06-19T02:57:53Z,tc89qual,6,3072,3,3072
dgMint,2026-06-19T02:57:53Z,tc89size,2,3456,3,3584
dgMint,2026-06-19T02:57:53Z,tc89swjt,7,4480,4,4608
dgMint,2026-06-19T02:57:53Z,tc89uac,4,3328,5,3328
dgMint,2026-06-19T02:57:53Z,tc99scpe,3,4480,6,4736
dgMint,2026-06-19T02:57:53Z,tchess,680,17792,604,23552
dgMint,2026-06-19T02:57:53Z,tcmp,7,9600,22,9856
dgMint,2026-06-19T02:57:53Z,tcmt99,6,3328,5,3328
dgMint,2026-06-19T02:57:53Z,tcnstfld,3,3328,5,3328
dgMint,2026-06-19T02:57:53Z,tcodegen,2,4480,1,4864
dgMint,2026-06-19T02:57:53Z,tcrcfix,7,7808,3,8704
dgMint,2026-06-19T02:57:53Z,tctxflt,4,18176,7,18816
dgMint,2026-06-19T02:57:53Z,tctxops,12,11392,1,11776
dgMint,2026-06-19T02:57:53Z,tctype,2,4608,6,4992
dgMint,2026-06-19T02:57:53Z,tdecinit,5,3072,3,3200
dgMint,2026-06-19T02:57:53Z,tdecl,3,3712,2,3840
dgMint,2026-06-19T02:57:53Z,tdirent,2,3456,4,3584
dgMint,2026-06-19T02:57:53Z,tdowhile,7,3072,5,3200
dgMint,2026-06-19T02:57:53Z,tenum,4,3072,7,3456
dgMint,2026-06-19T02:57:53Z,terrno,18,6400,5,6528
dgMint,2026-06-19T02:57:53Z,tesc,9,9472,3,9600
dgMint,2026-06-19T02:57:53Z,texfile,7,3328,9,3328
dgMint,2026-06-19T02:57:53Z,texlog,5,3840,2,3968
dgMint,2026-06-19T02:57:53Z,texscan,4,5120,3,5120
dgMint,2026-06-19T02:57:53Z,texsort,3,3328,3,3456
dgMint,2026-06-19T02:57:53Z,texstrct,4,3456,1,3456
dgMint,2026-06-19T02:57:53Z,tfarrsub,2,4992,5,5248
dgMint,2026-06-19T02:57:53Z,tfio,7,5248,6,5248
dgMint,2026-06-19T02:57:53Z,tfo,4,5120,2,5248
dgMint,2026-06-19T02:57:53Z,tforblk,31,5632,9,5888
dgMint,2026-06-19T02:57:53Z,tforsco,4,5632,3,5888
dgMint,2026-06-19T02:57:53Z,tgoto,4,3584,4,3840
dgMint,2026-06-19T02:57:53Z,tifcom,4,2432,2,2432
dgMint,2026-06-19T02:57:53Z,tinitreg,8,4480,4,4608
dgMint,2026-06-19T02:57:53Z,tioerr,7,6400,2,6528
dgMint,2026-06-19T02:57:53Z,tkandr,10,3200,3,3328
dgMint,2026-06-19T02:57:53Z,tkbd,106,2560,107,2688
dgMint,2026-06-19T02:57:53Z,tlcont,10,3200,4,3200
dgMint,2026-06-19T02:57:53Z,tlimits,4,2816,10,2944
dgMint,2026-06-19T02:57:53Z,tlog,11,9088,10,9216
dgMint,2026-06-19T02:57:53Z,tlong,4,7552,15,7936
dgMint,2026-06-19T02:57:53Z,tlongaud,4,5504,6,5760
dgMint,2026-06-19T02:57:53Z,tlongidx,6,3584,2,3840
dgMint,2026-06-19T02:57:53Z,tlongopt,2,15616,3,16128
dgMint,2026-06-19T02:57:53Z,tlongreg,5,8960,2,9216
dgMint,2026-06-19T02:57:53Z,tlongsub,5,6528,2,6656
dgMint,2026-06-19T02:57:53Z,tm,61,4736,360,4864
dgMint,2026-06-19T02:57:53Z,tmalloch,24,3584,3,3840
dgMint,2026-06-19T02:57:53Z,tmathf,16,18560,24,18688
dgMint,2026-06-19T02:57:53Z,tmod3216,1,3328,2,3328
dgMint,2026-06-19T02:57:53Z,tmuldiv,21,7296,21,7424
dgMint,2026-06-19T02:57:53Z,tmulpow2,10,3200,7,3328
dgMint,2026-06-19T02:57:53Z,toffset,4,2816,5,2944
dgMint,2026-06-19T02:57:53Z,too,9,20096,4,21632
dgMint,2026-06-19T02:57:53Z,tphi,9,5504,8,5504
dgMint,2026-06-19T02:57:53Z,tpi,182,4224,164,4352
dgMint,2026-06-19T02:57:53Z,tportio,4,2688,4,2688
dgMint,2026-06-19T02:57:53Z,tpostfld,7,3072,17,3072
dgMint,2026-06-19T02:57:53Z,tpostidx,1,2560,8,2560
dgMint,2026-06-19T02:57:53Z,tpostut,4,2944,2,2944
dgMint,2026-06-19T02:57:53Z,tppifcom,5,2432,1,2432
dgMint,2026-06-19T02:57:53Z,tppreg,8,2816,5,2944
dgMint,2026-06-19T02:57:53Z,tpreproc,9,3328,8,3328
dgMint,2026-06-19T02:57:53Z,tprintf,4,5888,2,5888
dgMint,2026-06-19T02:57:53Z,tpromo,6,11520,7,11904
dgMint,2026-06-19T02:57:53Z,tpromo2,3,5632,5,5760
dgMint,2026-06-19T02:57:53Z,tptrdiff,3,2944,2,2944
dgMint,2026-06-19T02:57:53Z,tptrlhs,6,20096,3,21504
dgMint,2026-06-19T02:57:53Z,tqsort,43,6912,60,7808
dgMint,2026-06-19T02:57:53Z,treg,14,5248,2,5632
dgMint,2026-06-19T02:57:53Z,tret,8,5120,4,5504
dgMint,2026-06-19T02:57:53Z,triangle,4,2688,9,2688
dgMint,2026-06-19T02:57:53Z,trig,28,14208,32,14208
dgMint,2026-06-19T02:57:53Z,trtl2,1,6912,8,7296
dgMint,2026-06-19T02:57:53Z,trw,721,7040,867,7296
dgMint,2026-06-19T02:57:53Z,trw2,4723,7040,4164,7296
dgMint,2026-06-19T02:57:53Z,trwold,445,6272,428,6528
dgMint,2026-06-19T02:57:53Z,ts,9,5760,6,6528
dgMint,2026-06-19T02:57:53Z,tscanf,23,8832,5,9088
dgMint,2026-06-19T02:57:53Z,tsetjmp,4,2816,5,2816
dgMint,2026-06-19T02:57:53Z,tsprintf,7,4224,4,4352
dgMint,2026-06-19T02:57:53Z,tstackov,1,2688,3,2688
dgMint,2026-06-19T02:57:53Z,tstdc,15,2560,4,2688
dgMint,2026-06-19T02:57:53Z,tstdlib,1,7168,4,7296
dgMint,2026-06-19T02:57:53Z,tstfield,2,3840,2,3968
dgMint,2026-06-19T02:57:53Z,tstr,946,9088,1032,9856
dgMint,2026-06-19T02:57:53Z,tstr2,4,3968,6,4224
dgMint,2026-06-19T02:57:53Z,tstr3,3,4992,7,5248
dgMint,2026-06-19T02:57:53Z,tstrconv,3,12800,6,12928
dgMint,2026-06-19T02:57:53Z,tstretst,2,4736,7,4992
dgMint,2026-06-19T02:57:53Z,tstri2,7,3584,4,3712
dgMint,2026-06-19T02:57:53Z,tstrify,8,3072,2,3072
dgMint,2026-06-19T02:57:53Z,tstring,381,6912,386,7424
dgMint,2026-06-19T02:57:53Z,tstruct,1,3200,1,3328
dgMint,2026-06-19T02:57:53Z,tstructi,5,3712,6,3840
dgMint,2026-06-19T02:57:53Z,tstructp,7,3072,5,3072
dgMint,2026-06-19T02:57:53Z,tstructv,5,6144,80,6272
dgMint,2026-06-19T02:57:53Z,tsvbuf2,6,7424,5,7552
dgMint,2026-06-19T02:57:53Z,tswitch,3,2816,7,2944
dgMint,2026-06-19T02:57:53Z,tsyntax,2,4608,2,4736
dgMint,2026-06-19T02:57:53Z,ttrig,60,22656,60,23168
dgMint,2026-06-19T02:57:53Z,ttt,60,3328,120,6144
dgMint,2026-06-19T02:57:53Z,ttype2,3,3456,9,3584
dgMint,2026-06-19T02:57:53Z,ttypesr,3,3712,6,3840
dgMint,2026-06-19T02:57:53Z,tunary,4,5376,2,6144
dgMint,2026-06-19T02:57:53Z,tunaryp,6,5248,3,5376
dgMint,2026-06-19T02:57:53Z,tunion,29,2688,2,2816
dgMint,2026-06-19T02:57:53Z,tunion2,6,3584,3,3712
dgMint,2026-06-19T02:57:53Z,tvariad,3,3072,2,3200
dgMint,2026-06-19T02:57:53Z,tzpad,3,4352,2,4352
dgMint,2026-06-19T02:57:53Z,wumpus,2,12032,2,14336
DGBEE,2026-06-19T03:09:49Z,a1,180,20480,135,23680
DGBEE,2026-06-19T03:09:49Z,adaint,956,27136,1210,31488
DGBEE,2026-06-19T03:09:49Z,bint,578,18304,859,21632
DGBEE,2026-06-19T03:09:49Z,cint,885,31232,1324,38016
DGBEE,2026-06-19T03:09:49Z,cobint,4360,20736,5368,24704
DGBEE,2026-06-19T03:09:49Z,cpmenumd,179,5632,97,6016
DGBEE,2026-06-19T03:09:49Z,e,198,3072,215,3072
DGBEE,2026-06-19T03:09:49Z,fact,144,2816,164,2944
DGBEE,2026-06-19T03:09:49Z,fileops,126,8192,137,8576
DGBEE,2026-06-19T03:09:49Z,fint,528,28416,704,32768
DGBEE,2026-06-19T03:09:49Z,forint,1130,28288,1571,33664
DGBEE,2026-06-19T03:09:49Z,mm,229,7296,271,7424
DGBEE,2026-06-19T03:09:49Z,nqueens,197,3328,161,3584
DGBEE,2026-06-19T03:09:49Z,pihex,1947,14976,1876,15488
DGBEE,2026-06-19T03:09:49Z,pint,491,27392,684,31616
DGBEE,2026-06-19T03:09:49Z,primes,167,4736,283,4992
DGBEE,2026-06-19T03:09:49Z,sieve,183,2688,127,2816
DGBEE,2026-06-19T03:09:49Z,t2darr,172,4480,228,4608
DGBEE,2026-06-19T03:09:49Z,tallocx,273,11392,311,13312
DGBEE,2026-06-19T03:09:49Z,tap,283,7296,248,7424
DGBEE,2026-06-19T03:09:49Z,targs,157,2560,109,2560
DGBEE,2026-06-19T03:09:49Z,tarray,181,7168,126,7680
DGBEE,2026-06-19T03:09:49Z,tasm,158,2816,249,2816
DGBEE,2026-06-19T03:09:49Z,tbdos,168,2944,171,2944
DGBEE,2026-06-19T03:09:49Z,tbitfld,169,4864,102,4992
DGBEE,2026-06-19T03:09:49Z,tbits,130,5632,153,5632
DGBEE,2026-06-19T03:09:49Z,tbsearch,124,4992,70,5632
DGBEE,2026-06-19T03:09:49Z,tbufex,161,3072,166,3072
DGBEE,2026-06-19T03:09:49Z,tbug,162,3712,93,3968
DGBEE,2026-06-19T03:09:49Z,tbug2,112,2944,327,2944
DGBEE,2026-06-19T03:09:49Z,tc89bit,122,3968,205,3968
DGBEE,2026-06-19T03:09:49Z,tc89comp,131,5760,174,5888
DGBEE,2026-06-19T03:09:49Z,tc89core,133,2560,115,2688
DGBEE,2026-06-19T03:09:49Z,tc89decl,185,3200,200,3328
DGBEE,2026-06-19T03:09:49Z,tc89fadd,179,4480,106,4736
DGBEE,2026-06-19T03:09:49Z,tc89fcmp,242,6656,152,6656
DGBEE,2026-06-19T03:09:49Z,tc89fcnv,271,3328,191,3712
DGBEE,2026-06-19T03:09:49Z,tc89fdiv,179,4864,166,5120
DGBEE,2026-06-19T03:09:49Z,tc89ffio,79,5248,224,5248
DGBEE,2026-06-19T03:09:49Z,tc89fini,148,6912,147,7040
DGBEE,2026-06-19T03:09:49Z,tc89flng,152,6400,66,6656
DGBEE,2026-06-19T03:09:49Z,tc89flt,126,2688,137,2816
DGBEE,2026-06-19T03:09:49Z,tc89flta,154,3584,111,3712
DGBEE,2026-06-19T03:09:49Z,tc89fltc,113,3200,126,3200
DGBEE,2026-06-19T03:09:49Z,tc89fmat,183,6912,162,7168
DGBEE,2026-06-19T03:09:49Z,tc89fmul,176,5376,210,5632
DGBEE,2026-06-19T03:09:49Z,tc89fnty,239,3072,157,3200
DGBEE,2026-06-19T03:09:49Z,tc89fp,246,3072,154,3200
DGBEE,2026-06-19T03:09:49Z,tc89fptr,257,3200,182,3328
DGBEE,2026-06-19T03:09:49Z,tc89fs,161,3456,139,3712
DGBEE,2026-06-19T03:09:49Z,tc89ini2,155,4480,123,5888
DGBEE,2026-06-19T03:09:49Z,tc89init,211,3712,81,3712
DGBEE,2026-06-19T03:09:49Z,tc89pp,161,2688,75,2688
DGBEE,2026-06-19T03:09:49Z,tc89ptr,109,4096,134,4608
DGBEE,2026-06-19T03:09:49Z,tc89qual,75,3072,67,3072
DGBEE,2026-06-19T03:09:49Z,tc89size,127,3456,143,3584
DGBEE,2026-06-19T03:09:49Z,tc89swjt,79,4480,210,4608
DGBEE,2026-06-19T03:09:49Z,tc89uac,132,3328,59,3328
DGBEE,2026-06-19T03:09:49Z,tc99scpe,72,4480,172,4736
DGBEE,2026-06-19T03:09:49Z,tchess,681,17792,801,23552
DGBEE,2026-06-19T03:09:49Z,tcmp,90,9600,117,9856
DGBEE,2026-06-19T03:09:49Z,tcmt99,96,3328,76,3328
DGBEE,2026-06-19T03:09:49Z,tcnstfld,127,3328,136,3328
DGBEE,2026-06-19T03:09:49Z,tcodegen,173,4736,101,5120
DGBEE,2026-06-19T03:09:49Z,tcrcfix,166,7808,127,8704
DGBEE,2026-06-19T03:09:49Z,tctxflt,139,18176,122,18816
DGBEE,2026-06-19T03:09:49Z,tctxops,118,11392,162,11776
DGBEE,2026-06-19T03:09:49Z,tctype,214,4608,98,4992
DGBEE,2026-06-19T03:09:49Z,tdecinit,109,3072,106,3200
DGBEE,2026-06-19T03:09:49Z,tdecl,138,3712,119,3840
DGBEE,2026-06-19T03:09:49Z,tdirent,106,3456,136,3584
DGBEE,2026-06-19T03:09:49Z,tdowhile,97,3072,99,3200
DGBEE,2026-06-19T03:09:49Z,tenum,100,3072,154,3456
DGBEE,2026-06-19T03:09:49Z,terrno,205,6400,147,6528
DGBEE,2026-06-19T03:09:49Z,tesc,163,9472,162,9600
DGBEE,2026-06-19T03:09:49Z,texfile,199,3328,198,3328
DGBEE,2026-06-19T03:09:49Z,texlog,132,3840,195,3968
DGBEE,2026-06-19T03:09:49Z,texscan,80,5120,152,5120
DGBEE,2026-06-19T03:09:49Z,texsort,169,3328,187,3456
DGBEE,2026-06-19T03:09:49Z,texstrct,162,3456,100,3456
DGBEE,2026-06-19T03:09:49Z,tfarrsub,145,4992,164,5248
DGBEE,2026-06-19T03:09:49Z,tfio,198,5248,155,5248
DGBEE,2026-06-19T03:09:49Z,tfo,132,5120,105,5248
DGBEE,2026-06-19T03:09:49Z,tforblk,164,5632,172,5888
DGBEE,2026-06-19T03:09:49Z,tforsco,152,5632,116,5888
DGBEE,2026-06-19T03:09:49Z,tgoto,117,3584,67,3840
DGBEE,2026-06-19T03:09:49Z,tifcom,167,2432,113,2432
DGBEE,2026-06-19T03:09:49Z,tinitreg,119,4480,165,4608
DGBEE,2026-06-19T03:09:49Z,tioerr,93,6400,141,6528
DGBEE,2026-06-19T03:09:49Z,tkandr,186,3200,145,3328
DGBEE,2026-06-19T03:09:49Z,tkbd,247,2560,250,2688
DGBEE,2026-06-19T03:09:49Z,tlcont,96,3200,103,3200
DGBEE,2026-06-19T03:09:49Z,tlimits,131,2816,144,2944
DGBEE,2026-06-19T03:09:49Z,tlog,143,9088,241,9216
DGBEE,2026-06-19T03:09:49Z,tlong,154,7552,260,7936
DGBEE,2026-06-19T03:09:49Z,tlongaud,175,5504,200,5760
DGBEE,2026-06-19T03:09:49Z,tlongidx,97,3584,241,3840
DGBEE,2026-06-19T03:09:49Z,tlongopt,230,15616,154,16128
DGBEE,2026-06-19T03:09:49Z,tlongreg,125,8960,160,9216
DGBEE,2026-06-19T03:09:49Z,tlongsub,151,6528,167,6656
DGBEE,2026-06-19T03:09:49Z,tm,209,4736,534,4864
DGBEE,2026-06-19T03:09:49Z,tmalloch,173,3584,232,3840
DGBEE,2026-06-19T03:09:49Z,tmathf,178,18560,164,18688
DGBEE,2026-06-19T03:09:49Z,tmod3216,142,3328,168,3328
DGBEE,2026-06-19T03:09:49Z,tmuldiv,235,7296,178,7424
DGBEE,2026-06-19T03:09:49Z,tmulpow2,137,3200,177,3328
DGBEE,2026-06-19T03:09:49Z,toffset,202,2816,145,2944
DGBEE,2026-06-19T03:09:49Z,too,134,20096,205,21632
DGBEE,2026-06-19T03:09:49Z,tphi,185,5504,137,5504
DGBEE,2026-06-19T03:09:49Z,tpi,294,4224,260,4352
DGBEE,2026-06-19T03:09:49Z,tportio,212,2688,169,2688
DGBEE,2026-06-19T03:09:49Z,tpostfld,190,3072,102,3072
DGBEE,2026-06-19T03:09:49Z,tpostidx,150,2560,141,2560
DGBEE,2026-06-19T03:09:49Z,tpostut,143,2944,131,2944
DGBEE,2026-06-19T03:09:49Z,tppifcom,156,2432,141,2432
DGBEE,2026-06-19T03:09:49Z,tppreg,161,2816,155,2944
DGBEE,2026-06-19T03:09:49Z,tpreproc,99,3328,180,3328
DGBEE,2026-06-19T03:09:49Z,tprintf,144,5888,198,5888
DGBEE,2026-06-19T03:09:49Z,tpromo,198,11520,151,11904
DGBEE,2026-06-19T03:09:49Z,tpromo2,138,5632,169,5760
DGBEE,2026-06-19T03:09:49Z,tptrdiff,156,2944,200,2944
DGBEE,2026-06-19T03:09:49Z,tptrlhs,147,20096,164,21504
DGBEE,2026-06-19T03:09:49Z,tqsort,271,6912,211,7808
DGBEE,2026-06-19T03:09:49Z,treg,116,5248,120,5632
DGBEE,2026-06-19T03:09:49Z,tret,174,5120,133,5504
DGBEE,2026-06-19T03:09:49Z,triangle,131,2688,226,2688
DGBEE,2026-06-19T03:09:49Z,trig,199,14208,127,14208
DGBEE,2026-06-19T03:09:49Z,trtl2,222,6912,124,7296
DGBEE,2026-06-19T03:09:49Z,trw,1056,7040,930,7296
DGBEE,2026-06-19T03:09:49Z,trw2,4402,7040,4220,7296
DGBEE,2026-06-19T03:09:49Z,trwold,506,6272,516,6528
DGBEE,2026-06-19T03:09:49Z,ts,167,5760,122,6528
DGBEE,2026-06-19T03:09:49Z,tscanf,154,8832,197,9088
DGBEE,2026-06-19T03:09:49Z,tsetjmp,183,2816,127,2816
DGBEE,2026-06-19T03:09:49Z,tsprintf,134,4224,103,4352
DGBEE,2026-06-19T03:09:49Z,tstackov,134,2688,93,2688
DGBEE,2026-06-19T03:09:49Z,tstdc,77,2560,74,2688
DGBEE,2026-06-19T03:09:49Z,tstdlib,102,7168,200,7296
DGBEE,2026-06-19T03:09:49Z,tstfield,106,3840,181,3968
DGBEE,2026-06-19T03:09:49Z,tstr,1051,9088,1204,9856
DGBEE,2026-06-19T03:09:49Z,tstr2,114,3968,182,4224
DGBEE,2026-06-19T03:09:49Z,tstr3,143,4992,201,5248
DGBEE,2026-06-19T03:09:49Z,tstrconv,220,12800,104,12928
DGBEE,2026-06-19T03:09:49Z,tstretst,143,4736,172,4992
DGBEE,2026-06-19T03:09:49Z,tstri2,185,3584,210,3712
DGBEE,2026-06-19T03:09:49Z,tstrify,216,3072,203,3072
DGBEE,2026-06-19T03:09:49Z,tstring,557,6912,484,7424
DGBEE,2026-06-19T03:09:49Z,tstruct,181,3200,215,3328
DGBEE,2026-06-19T03:09:49Z,tstructi,229,3712,222,3840
DGBEE,2026-06-19T03:09:49Z,tstructp,175,3072,194,3072
DGBEE,2026-06-19T03:09:49Z,tstructv,198,6144,158,6272
DGBEE,2026-06-19T03:09:49Z,tsvbuf2,173,7424,165,7552
DGBEE,2026-06-19T03:09:49Z,tswitch,185,2816,116,2944
DGBEE,2026-06-19T03:09:49Z,tsyntax,168,4608,150,4736
DGBEE,2026-06-19T03:09:49Z,ttrig,245,22656,92,23168
DGBEE,2026-06-19T03:09:49Z,ttt,213,3328,162,6144
DGBEE,2026-06-19T03:09:49Z,ttype2,149,3456,110,3584
DGBEE,2026-06-19T03:09:49Z,ttypesr,135,3712,117,3840
DGBEE,2026-06-19T03:09:49Z,tunary,178,5376,58,6144
DGBEE,2026-06-19T03:09:49Z,tunaryp,150,5248,27,5376
DGBEE,2026-06-19T03:09:49Z,tunion,170,2688,40,2816
DGBEE,2026-06-19T03:09:49Z,tunion2,186,3584,41,3712
DGBEE,2026-06-19T03:09:49Z,tvariad,166,3072,41,3200
DGBEE,2026-06-19T03:09:49Z,tzpad,138,4352,49,4352
DGBEE,2026-06-19T03:09:49Z,wumpus,34,12032,26,14336
DGBEE,2026-06-19T03:25:39Z,a1,47,20480,53,23680
DGBEE,2026-06-19T03:25:39Z,adaint,769,27136,1144,31488
DGBEE,2026-06-19T03:25:39Z,bint,479,18304,739,21632
DGBEE,2026-06-19T03:25:39Z,cint,800,31232,1230,38016
DGBEE,2026-06-19T03:25:39Z,cobint,4221,20736,5197,24704
DGBEE,2026-06-19T03:25:39Z,cpmenumd,28,5632,24,6016
DGBEE,2026-06-19T03:25:39Z,e,53,3072,59,3072
DGBEE,2026-06-19T03:25:39Z,fact,38,2816,23,2944
DGBEE,2026-06-19T03:25:39Z,fileops,52,8192,55,8576
DGBEE,2026-06-19T03:25:39Z,fint,399,28416,593,32768
DGBEE,2026-06-19T03:25:39Z,forint,1051,28288,1383,33664
DGBEE,2026-06-19T03:25:39Z,mm,164,7296,173,7424
DGBEE,2026-06-19T03:25:39Z,nqueens,64,3328,76,3584
DGBEE,2026-06-19T03:25:39Z,pihex,1753,14976,1780,15488
DGBEE,2026-06-19T03:25:39Z,pint,268,27392,555,31616
DGBEE,2026-06-19T03:25:39Z,primes,33,4736,42,4992
DGBEE,2026-06-19T03:25:39Z,sieve,48,2688,100,2816
DGBEE,2026-06-19T03:25:39Z,t2darr,32,4480,24,4608
DGBEE,2026-06-19T03:25:39Z,tallocx,135,11392,162,13312
DGBEE,2026-06-19T03:25:39Z,tap,158,7296,168,7424
DGBEE,2026-06-19T03:25:39Z,targs,30,2560,27,2560
DGBEE,2026-06-19T03:25:39Z,tarray,37,7168,26,7680
DGBEE,2026-06-19T03:25:39Z,tasm,23,2816,23,2816
DGBEE,2026-06-19T03:25:39Z,tbdos,26,2944,28,2944
DGBEE,2026-06-19T03:25:39Z,tbitfld,42,4864,26,4992
DGBEE,2026-06-19T03:25:39Z,tbits,34,5632,26,5632
DGBEE,2026-06-19T03:25:39Z,tbsearch,42,4992,28,5632
DGBEE,2026-06-19T03:25:39Z,tbufex,31,3072,25,3072
DGBEE,2026-06-19T03:25:39Z,tbug,28,3712,23,3968
DGBEE,2026-06-19T03:25:39Z,tbug2,23,2944,23,2944
DGBEE,2026-06-19T03:25:39Z,tc89bit,25,3968,21,3968
DGBEE,2026-06-19T03:25:39Z,tc89comp,24,5760,23,5888
DGBEE,2026-06-19T03:25:39Z,tc89core,21,2560,24,2688
DGBEE,2026-06-19T03:25:39Z,tc89decl,22,3200,22,3328
DGBEE,2026-06-19T03:25:39Z,tc89fadd,26,4480,23,4736
DGBEE,2026-06-19T03:25:39Z,tc89fcmp,32,6656,29,6656
DGBEE,2026-06-19T03:25:39Z,tc89fcnv,19,3328,23,3712
DGBEE,2026-06-19T03:25:39Z,tc89fdiv,24,4864,41,5120
DGBEE,2026-06-19T03:25:39Z,tc89ffio,35,5248,28,5248
DGBEE,2026-06-19T03:25:39Z,tc89fini,30,6912,32,7040
DGBEE,2026-06-19T03:25:39Z,tc89flng,23,6400,36,6656
DGBEE,2026-06-19T03:25:39Z,tc89flt,22,2688,23,2816
DGBEE,2026-06-19T03:25:39Z,tc89flta,21,3584,20,3712
DGBEE,2026-06-19T03:25:39Z,tc89fltc,25,3200,21,3200
DGBEE,2026-06-19T03:25:39Z,tc89fmat,34,6912,38,7168
DGBEE,2026-06-19T03:25:39Z,tc89fmul,23,5376,25,5632
DGBEE,2026-06-19T03:25:39Z,tc89fnty,21,3072,23,3200
DGBEE,2026-06-19T03:25:39Z,tc89fp,35,3072,34,3200
DGBEE,2026-06-19T03:25:39Z,tc89fptr,23,3200,29,3328
DGBEE,2026-06-19T03:25:39Z,tc89fs,25,3456,24,3712
DGBEE,2026-06-19T03:25:39Z,tc89ini2,21,4480,22,5888
DGBEE,2026-06-19T03:25:39Z,tc89init,23,3712,24,3712
DGBEE,2026-06-19T03:25:39Z,tc89pp,22,2688,24,2688
DGBEE,2026-06-19T03:25:39Z,tc89ptr,25,4096,21,4608
DGBEE,2026-06-19T03:25:39Z,tc89qual,35,3072,22,3072
DGBEE,2026-06-19T03:25:39Z,tc89size,39,3456,38,3584
DGBEE,2026-06-19T03:25:39Z,tc89swjt,24,4480,22,4608
DGBEE,2026-06-19T03:25:39Z,tc89uac,33,3328,27,3328
DGBEE,2026-06-19T03:25:39Z,tc99scpe,39,4480,37,4736
DGBEE,2026-06-19T03:25:39Z,tchess,455,17792,636,23552
DGBEE,2026-06-19T03:25:39Z,tcmp,28,9600,27,9856
DGBEE,2026-06-19T03:25:39Z,tcmt99,32,3328,38,3328
DGBEE,2026-06-19T03:25:39Z,tcnstfld,27,3328,26,3328
DGBEE,2026-06-19T03:25:39Z,tcodegen,23,4736,21,5120
DGBEE,2026-06-19T03:25:39Z,tcrcfix,34,7808,31,8704
DGBEE,2026-06-19T03:25:39Z,tctxflt,23,18176,31,18816
DGBEE,2026-06-19T03:25:39Z,tctxops,34,11392,29,11776
DGBEE,2026-06-19T03:25:39Z,tctype,25,4608,24,4992
DGBEE,2026-06-19T03:25:39Z,tdecinit,32,3072,25,3200
DGBEE,2026-06-19T03:25:39Z,tdecl,38,3712,31,3840
DGBEE,2026-06-19T03:25:39Z,tdirent,31,3456,31,3584
DGBEE,2026-06-19T03:25:39Z,tdowhile,35,3072,30,3200
DGBEE,2026-06-19T03:25:39Z,tenum,38,3072,33,3456
DGBEE,2026-06-19T03:25:39Z,terrno,32,6400,29,6528
DGBEE,2026-06-19T03:25:39Z,tesc,31,9472,35,9600
DGBEE,2026-06-19T03:25:39Z,texfile,25,3328,27,3328
DGBEE,2026-06-19T03:25:39Z,texlog,31,3840,24,3968
DGBEE,2026-06-19T03:25:39Z,texscan,40,5120,33,5120
DGBEE,2026-06-19T03:25:39Z,texsort,32,3328,28,3456
DGBEE,2026-06-19T03:25:39Z,texstrct,23,3456,21,3456
DGBEE,2026-06-19T03:25:39Z,tfarrsub,30,4992,33,5248
DGBEE,2026-06-19T03:25:39Z,tfio,26,5248,26,5248
DGBEE,2026-06-19T03:25:39Z,tfo,27,5120,27,5248
DGBEE,2026-06-19T03:25:39Z,tforblk,24,5632,31,5888
DGBEE,2026-06-19T03:25:39Z,tforsco,32,5632,24,5888
DGBEE,2026-06-19T03:25:39Z,tgoto,21,3584,22,3840
DGBEE,2026-06-19T03:25:39Z,tifcom,26,2432,24,2432
DGBEE,2026-06-19T03:25:39Z,tinitreg,24,4480,35,4608
DGBEE,2026-06-19T03:25:39Z,tioerr,24,6400,24,6528
DGBEE,2026-06-19T03:25:39Z,tkandr,21,3200,24,3328
DGBEE,2026-06-19T03:25:39Z,tkbd,142,2560,140,2688
DGBEE,2026-06-19T03:25:39Z,tlcont,26,3200,29,3200
DGBEE,2026-06-19T03:25:39Z,tlimits,36,2816,22,2944
DGBEE,2026-06-19T03:25:39Z,tlog,28,9088,35,9216
DGBEE,2026-06-19T03:25:39Z,tlong,27,7552,22,7936
DGBEE,2026-06-19T03:25:39Z,tlongaud,44,5504,25,5760
DGBEE,2026-06-19T03:25:39Z,tlongidx,24,3584,37,3840
DGBEE,2026-06-19T03:25:39Z,tlongopt,30,15616,28,16128
DGBEE,2026-06-19T03:25:39Z,tlongreg,38,8960,26,9216
DGBEE,2026-06-19T03:25:39Z,tlongsub,23,6528,34,6656
DGBEE,2026-06-19T03:25:39Z,tm,78,4736,388,4864
DGBEE,2026-06-19T03:25:39Z,tmalloch,24,3584,29,3840
DGBEE,2026-06-19T03:25:39Z,tmathf,35,18560,38,18688
DGBEE,2026-06-19T03:25:39Z,tmod3216,28,3328,22,3328
DGBEE,2026-06-19T03:25:39Z,tmuldiv,32,7296,32,7424
DGBEE,2026-06-19T03:25:39Z,tmulpow2,33,3200,21,3328
DGBEE,2026-06-19T03:25:39Z,toffset,32,2816,22,2944
DGBEE,2026-06-19T03:25:39Z,too,30,20096,44,21632
DGBEE,2026-06-19T03:25:39Z,tphi,23,5504,28,5504
DGBEE,2026-06-19T03:25:39Z,tpi,128,4224,134,4352
DGBEE,2026-06-19T03:25:39Z,tportio,23,2688,23,2688
DGBEE,2026-06-19T03:25:39Z,tpostfld,25,3072,22,3072
DGBEE,2026-06-19T03:25:39Z,tpostidx,28,2560,22,2560
DGBEE,2026-06-19T03:25:39Z,tpostut,25,2944,28,2944
DGBEE,2026-06-19T03:25:39Z,tppifcom,25,2432,24,2432
DGBEE,2026-06-19T03:25:39Z,tppreg,22,2816,21,2944
DGBEE,2026-06-19T03:25:39Z,tpreproc,36,3328,23,3328
DGBEE,2026-06-19T03:25:39Z,tprintf,22,5888,23,5888
DGBEE,2026-06-19T03:25:39Z,tpromo,24,11520,25,11904
DGBEE,2026-06-19T03:25:39Z,tpromo2,26,5632,24,5760
DGBEE,2026-06-19T03:25:39Z,tptrdiff,26,2944,22,2944
DGBEE,2026-06-19T03:25:39Z,tptrlhs,26,20096,32,21504
DGBEE,2026-06-19T03:25:39Z,tqsort,69,6912,86,7808
DGBEE,2026-06-19T03:25:39Z,treg,24,5248,35,5632
DGBEE,2026-06-19T03:25:39Z,tret,26,5120,26,5504
DGBEE,2026-06-19T03:25:39Z,triangle,35,2688,36,2688
DGBEE,2026-06-19T03:25:39Z,trig,51,14208,44,14208
DGBEE,2026-06-19T03:25:39Z,trtl2,25,6912,25,7296
DGBEE,2026-06-19T03:25:39Z,trw,470,7040,664,7296
DGBEE,2026-06-19T03:25:39Z,trw2,3681,7040,4198,7296
DGBEE,2026-06-19T03:25:39Z,trwold,305,6272,327,6528
DGBEE,2026-06-19T03:25:39Z,ts,25,5760,25,6528
DGBEE,2026-06-19T03:25:39Z,tscanf,40,8832,40,9088
DGBEE,2026-06-19T03:25:39Z,tsetjmp,31,2816,21,2816
DGBEE,2026-06-19T03:25:39Z,tsprintf,26,4224,23,4352
DGBEE,2026-06-19T03:25:39Z,tstackov,24,2688,21,2688
DGBEE,2026-06-19T03:25:39Z,tstdc,25,2560,25,2688
DGBEE,2026-06-19T03:25:39Z,tstdlib,39,7168,24,7296
DGBEE,2026-06-19T03:25:39Z,tstfield,22,3840,22,3968
DGBEE,2026-06-19T03:25:39Z,tstr,962,9088,1060,9856
DGBEE,2026-06-19T03:25:39Z,tstr2,25,3968,31,4224
DGBEE,2026-06-19T03:25:39Z,tstr3,41,4992,30,5248
DGBEE,2026-06-19T03:25:39Z,tstrconv,38,12800,39,12928
DGBEE,2026-06-19T03:25:39Z,tstretst,26,4736,44,4992
DGBEE,2026-06-19T03:25:39Z,tstri2,25,3584,25,3712
DGBEE,2026-06-19T03:25:39Z,tstrify,29,3072,37,3072
DGBEE,2026-06-19T03:25:39Z,tstring,402,6912,412,7424
DGBEE,2026-06-19T03:25:39Z,tstruct,21,3200,23,3328
DGBEE,2026-06-19T03:25:39Z,tstructi,21,3712,24,3840
DGBEE,2026-06-19T03:25:39Z,tstructp,24,3072,42,3072
DGBEE,2026-06-19T03:25:39Z,tstructv,30,6144,30,6272
DGBEE,2026-06-19T03:25:39Z,tsvbuf2,33,7424,46,7552
DGBEE,2026-06-19T03:25:39Z,tswitch,21,2816,32,2944
DGBEE,2026-06-19T03:25:39Z,tsyntax,28,4608,25,4736
DGBEE,2026-06-19T03:25:39Z,ttrig,88,22656,93,23168
DGBEE,2026-06-19T03:25:39Z,ttt,86,3328,145,6144
DGBEE,2026-06-19T03:25:39Z,ttype2,23,3456,23,3584
DGBEE,2026-06-19T03:25:39Z,ttypesr,21,3712,21,3840
DGBEE,2026-06-19T03:25:39Z,tunary,26,5376,27,6144
DGBEE,2026-06-19T03:25:39Z,tunaryp,28,5248,26,5376
DGBEE,2026-06-19T03:25:39Z,tunion,28,2688,42,2816
DGBEE,2026-06-19T03:25:39Z,tunion2,22,3584,22,3712
DGBEE,2026-06-19T03:25:39Z,tvariad,22,3072,22,3200
DGBEE,2026-06-19T03:25:39Z,tzpad,30,4352,30,4352
DGBEE,2026-06-19T03:25:39Z,wumpus,27,12032,27,14336
dgMint,2026-06-19T03:31:09Z,a1,17,20480,17,23680
dgMint,2026-06-19T03:31:09Z,adaint,722,27136,1103,31488
dgMint,2026-06-19T03:31:09Z,bint,453,18304,709,21632
dgMint,2026-06-19T03:31:09Z,cint,754,31104,1169,38016
dgMint,2026-06-19T03:31:09Z,cobint,4189,20736,5168,24704
dgMint,2026-06-19T03:31:09Z,cpmenumd,13,5632,13,6016
dgMint,2026-06-19T03:31:09Z,e,25,3072,30,3072
dgMint,2026-06-19T03:31:09Z,fact,2,2816,2,2944
dgMint,2026-06-19T03:31:09Z,fileops,9,8192,11,8576
dgMint,2026-06-19T03:31:09Z,fint,365,28288,553,32512
dgMint,2026-06-19T03:31:09Z,forint,996,28288,1338,33664
dgMint,2026-06-19T03:31:09Z,mm,130,7296,136,7424
dgMint,2026-06-19T03:31:09Z,nqueens,33,3328,44,3584
dgMint,2026-06-19T03:31:09Z,pihex,1728,14976,1751,15488
dgMint,2026-06-19T03:31:09Z,pint,238,27392,525,31616
dgMint,2026-06-19T03:31:09Z,primes,7,4736,7,4992
dgMint,2026-06-19T03:31:09Z,sieve,19,2688,67,2816
dgMint,2026-06-19T03:31:09Z,t2darr,2,4480,2,4608
dgMint,2026-06-19T03:31:09Z,tallocx,107,11392,136,13312
dgMint,2026-06-19T03:31:09Z,tap,135,7296,135,7424
dgMint,2026-06-19T03:31:09Z,targs,2,2560,1,2560
dgMint,2026-06-19T03:31:09Z,tarray,7,7040,7,7680
dgMint,2026-06-19T03:31:09Z,tasm,1,2816,1,2816
dgMint,2026-06-19T03:31:09Z,tbdos,2,2944,1,2944
dgMint,2026-06-19T03:31:09Z,tbitfld,2,4864,2,4992
dgMint,2026-06-19T03:31:09Z,tbits,4,5632,4,5632
dgMint,2026-06-19T03:31:09Z,tbsearch,2,4992,2,5632
dgMint,2026-06-19T03:31:09Z,tbufex,2,3072,2,3072
dgMint,2026-06-19T03:31:09Z,tbug,1,3712,2,3968
dgMint,2026-06-19T03:31:09Z,tbug2,2,2944,2,2944
dgMint,2026-06-19T03:31:09Z,tc89bit,1,3968,1,3968
dgMint,2026-06-19T03:31:09Z,tc89comp,2,5760,1,5888
dgMint,2026-06-19T03:31:09Z,tc89core,1,2560,1,2688
dgMint,2026-06-19T03:31:09Z,tc89decl,1,3200,1,3328
dgMint,2026-06-19T03:31:09Z,tc89fadd,1,4480,1,4736
dgMint,2026-06-19T03:31:09Z,tc89fcmp,2,6656,2,6656
dgMint,2026-06-19T03:31:09Z,tc89fcnv,1,3328,1,3712
dgMint,2026-06-19T03:31:09Z,tc89fdiv,2,4864,2,5120
dgMint,2026-06-19T03:31:09Z,tc89ffio,2,5248,2,5248
dgMint,2026-06-19T03:31:09Z,tc89fini,2,6912,2,7040
dgMint,2026-06-19T03:31:09Z,tc89flng,2,6400,2,6656
dgMint,2026-06-19T03:31:09Z,tc89flt,1,2688,1,2816
dgMint,2026-06-19T03:31:09Z,tc89flta,1,3584,1,3712
dgMint,2026-06-19T03:31:09Z,tc89fltc,2,3200,2,3200
dgMint,2026-06-19T03:31:09Z,tc89fmat,2,6912,2,7168
dgMint,2026-06-19T03:31:09Z,tc89fmul,2,5376,2,5632
dgMint,2026-06-19T03:31:09Z,tc89fnty,1,3072,1,3200
dgMint,2026-06-19T03:31:09Z,tc89fp,2,3072,2,3200
dgMint,2026-06-19T03:31:09Z,tc89fptr,2,3200,2,3328
dgMint,2026-06-19T03:31:09Z,tc89fs,2,3456,1,3712
dgMint,2026-06-19T03:31:09Z,tc89ini2,1,4480,2,5888
dgMint,2026-06-19T03:31:09Z,tc89init,2,3712,2,3712
dgMint,2026-06-19T03:31:09Z,tc89pp,1,2688,1,2688
dgMint,2026-06-19T03:31:09Z,tc89ptr,1,4096,1,4608
dgMint,2026-06-19T03:31:09Z,tc89qual,1,3072,2,3072
dgMint,2026-06-19T03:31:09Z,tc89size,2,3456,2,3584
dgMint,2026-06-19T03:31:09Z,tc89swjt,1,4480,1,4608
dgMint,2026-06-19T03:31:09Z,tc89uac,3,3328,2,3328
dgMint,2026-06-19T03:31:09Z,tc99scpe,2,4480,2,4736
dgMint,2026-06-19T03:31:09Z,tchess,428,17792,605,23552
dgMint,2026-06-19T03:31:09Z,tcmp,5,9600,5,9856
dgMint,2026-06-19T03:31:09Z,tcmt99,2,3328,2,3328
dgMint,2026-06-19T03:31:09Z,tcnstfld,2,3328,2,3328
dgMint,2026-06-19T03:31:09Z,tcodegen,1,4480,1,4864
dgMint,2026-06-19T03:31:09Z,tcrcfix,2,7808,2,8704
dgMint,2026-06-19T03:31:09Z,tctxflt,2,18176,2,18816
dgMint,2026-06-19T03:31:09Z,tctxops,2,11392,2,11776
dgMint,2026-06-19T03:31:09Z,tctype,1,4608,2,4992
dgMint,2026-06-19T03:31:09Z,tdecinit,2,3072,2,3200
dgMint,2026-06-19T03:31:09Z,tdecl,2,3712,2,3840
dgMint,2026-06-19T03:31:09Z,tdirent,3,3456,3,3584
dgMint,2026-06-19T03:31:09Z,tdowhile,2,3072,2,3200
dgMint,2026-06-19T03:31:09Z,tenum,2,3072,2,3456
dgMint,2026-06-19T03:31:09Z,terrno,2,6400,2,6528
dgMint,2026-06-19T03:31:09Z,tesc,2,9472,2,9600
dgMint,2026-06-19T03:31:09Z,texfile,1,3328,2,3328
dgMint,2026-06-19T03:31:09Z,texlog,2,3840,2,3968
dgMint,2026-06-19T03:31:09Z,texscan,2,5120,2,5120
dgMint,2026-06-19T03:31:09Z,texsort,2,3328,2,3456
dgMint,2026-06-19T03:31:09Z,texstrct,1,3456,1,3456
dgMint,2026-06-19T03:31:09Z,tfarrsub,2,4992,2,5248
dgMint,2026-06-19T03:31:09Z,tfio,1,5248,1,5248
dgMint,2026-06-19T03:31:09Z,tfo,1,5120,1,5248
dgMint,2026-06-19T03:31:09Z,tforblk,2,5632,2,5888
dgMint,2026-06-19T03:31:09Z,tforsco,2,5632,2,5888
dgMint,2026-06-19T03:31:09Z,tgoto,1,3584,1,3840
dgMint,2026-06-19T03:31:09Z,tifcom,1,2432,1,2432
dgMint,2026-06-19T03:31:09Z,tinitreg,2,4480,2,4608
dgMint,2026-06-19T03:31:09Z,tioerr,1,6400,1,6528
dgMint,2026-06-19T03:31:09Z,tkandr,2,3200,2,3328
dgMint,2026-06-19T03:31:09Z,tkbd,104,2560,105,2688
dgMint,2026-06-19T03:31:09Z,tlcont,2,3200,2,3200
dgMint,2026-06-19T03:31:09Z,tlimits,2,2816,2,2944
dgMint,2026-06-19T03:31:09Z,tlog,3,9088,3,9216
dgMint,2026-06-19T03:31:09Z,tlong,3,7552,3,7936
dgMint,2026-06-19T03:31:09Z,tlongaud,2,5504,2,5760
dgMint,2026-06-19T03:31:09Z,tlongidx,2,3584,2,3840
dgMint,2026-06-19T03:31:09Z,tlongopt,2,15616,2,16128
dgMint,2026-06-19T03:31:09Z,tlongreg,2,8960,2,9216
dgMint,2026-06-19T03:31:09Z,tlongsub,2,6528,2,6656
dgMint,2026-06-19T03:31:09Z,tm,51,4736,358,4864
dgMint,2026-06-19T03:31:09Z,tmalloch,2,3584,2,3840
dgMint,2026-06-19T03:31:09Z,tmathf,8,18560,7,18688
dgMint,2026-06-19T03:31:09Z,tmod3216,2,3328,2,3328
dgMint,2026-06-19T03:31:09Z,tmuldiv,7,7296,7,7424
dgMint,2026-06-19T03:31:09Z,tmulpow2,2,3200,2,3328
dgMint,2026-06-19T03:31:09Z,toffset,2,2816,2,2944
dgMint,2026-06-19T03:31:09Z,too,4,20096,4,21632
dgMint,2026-06-19T03:31:09Z,tphi,3,5504,3,5504
dgMint,2026-06-19T03:31:09Z,tpi,101,4224,101,4352
dgMint,2026-06-19T03:31:09Z,tportio,2,2688,2,2688
dgMint,2026-06-19T03:31:09Z,tpostfld,2,3072,2,3072
dgMint,2026-06-19T03:31:09Z,tpostidx,1,2560,1,2560
dgMint,2026-06-19T03:31:09Z,tpostut,2,2944,2,2944
dgMint,2026-06-19T03:31:09Z,tppifcom,1,2432,1,2432
dgMint,2026-06-19T03:31:09Z,tppreg,2,2816,2,2944
dgMint,2026-06-19T03:31:09Z,tpreproc,2,3328,2,3328
dgMint,2026-06-19T03:31:09Z,tprintf,1,5888,1,5888
dgMint,2026-06-19T03:31:09Z,tpromo,2,11520,2,11904
dgMint,2026-06-19T03:31:09Z,tpromo2,2,5632,2,5760
dgMint,2026-06-19T03:31:09Z,tptrdiff,2,2944,2,2944
dgMint,2026-06-19T03:31:09Z,tptrlhs,2,20096,2,21504
dgMint,2026-06-19T03:31:09Z,tqsort,42,6912,56,7808
dgMint,2026-06-19T03:31:09Z,treg,2,5248,2,5632
dgMint,2026-06-19T03:31:09Z,tret,3,5120,3,5504
dgMint,2026-06-19T03:31:09Z,triangle,2,2688,2,2688
dgMint,2026-06-19T03:31:09Z,trig,24,14208,23,14208
dgMint,2026-06-19T03:31:09Z,trtl2,1,6912,1,7296
dgMint,2026-06-19T03:31:09Z,trw,422,7040,631,7296
dgMint,2026-06-19T03:31:09Z,trw2,3651,7040,4164,7296
dgMint,2026-06-19T03:31:09Z,trwold,280,6272,306,6528
dgMint,2026-06-19T03:31:09Z,ts,2,5760,2,6528
dgMint,2026-06-19T03:31:09Z,tscanf,2,8832,2,9088
dgMint,2026-06-19T03:31:09Z,tsetjmp,2,2816,2,2816
dgMint,2026-06-19T03:31:09Z,tsprintf,2,4224,2,4352
dgMint,2026-06-19T03:31:09Z,tstackov,1,2688,2,2688
dgMint,2026-06-19T03:31:09Z,tstdc,2,2560,2,2688
dgMint,2026-06-19T03:31:09Z,tstdlib,2,7168,2,7296
dgMint,2026-06-19T03:31:09Z,tstfield,1,3840,1,3968
dgMint,2026-06-19T03:31:09Z,tstr,937,9088,1031,9856
dgMint,2026-06-19T03:31:09Z,tstr2,2,3968,2,4224
dgMint,2026-06-19T03:31:09Z,tstr3,2,4992,2,5248
dgMint,2026-06-19T03:31:09Z,tstrconv,2,12800,2,12928
dgMint,2026-06-19T03:31:09Z,tstretst,2,4736,2,4992
dgMint,2026-06-19T03:31:09Z,tstri2,2,3584,2,3712
dgMint,2026-06-19T03:31:09Z,tstrify,2,3072,2,3072
dgMint,2026-06-19T03:31:09Z,tstring,376,6912,379,7424
dgMint,2026-06-19T03:31:09Z,tstruct,1,3200,1,3328
dgMint,2026-06-19T03:31:09Z,tstructi,2,3712,2,3840
dgMint,2026-06-19T03:31:09Z,tstructp,2,3072,2,3072
dgMint,2026-06-19T03:31:09Z,tstructv,2,6144,2,6272
dgMint,2026-06-19T03:31:09Z,tsvbuf2,4,7424,3,7552
dgMint,2026-06-19T03:31:09Z,tswitch,2,2816,2,2944
dgMint,2026-06-19T03:31:09Z,tsyntax,1,4608,1,4736
dgMint,2026-06-19T03:31:09Z,ttrig,59,22656,60,23168
dgMint,2026-06-19T03:31:09Z,ttt,55,3328,119,6144
dgMint,2026-06-19T03:31:09Z,ttype2,2,3456,2,3584
dgMint,2026-06-19T03:31:09Z,ttypesr,2,3712,2,3840
dgMint,2026-06-19T03:31:09Z,tunary,2,5376,2,6144
dgMint,2026-06-19T03:31:09Z,tunaryp,3,5248,3,5376
dgMint,2026-06-19T03:31:09Z,tunion,2,2688,2,2816
dgMint,2026-06-19T03:31:09Z,tunion2,2,3584,2,3712
dgMint,2026-06-19T03:31:09Z,tvariad,2,3072,2,3200
dgMint,2026-06-19T03:31:09Z,tzpad,2,4352,2,4352
dgMint,2026-06-19T03:31:09Z,wumpus,1,12032,1,14336
DGBEE,2026-06-19T04:19:21Z,a1,22,13363871,20480,17,15334702,23680,1000000000
DGBEE,2026-06-19T04:19:21Z,adaint,740,738138317,27136,1121,1119000191,31488,1000000000
DGBEE,2026-06-19T04:19:21Z,bint,460,452065941,18304,711,707808400,21632,1000000000
DGBEE,2026-06-19T04:19:21Z,cint,780,773394431,31232,1193,1188338644,38016,1000000000
DGBEE,2026-06-19T04:19:21Z,cobint,4197,4187144617,20736,5172,5166319869,24704,1000000000
DGBEE,2026-06-19T04:19:21Z,cpmenumd,9,5454599,5632,22,6111404,6016,1000000000
DGBEE,2026-06-19T04:19:21Z,e,30,23877302,3072,32,28839959,3072,1000000000
DGBEE,2026-06-19T04:19:21Z,fact,10,77988,2816,13,79093,2944,1000000000
DGBEE,2026-06-19T04:19:21Z,fileops,26,6987907,8192,15,7757802,8576,1000000000
DGBEE,2026-06-19T04:19:21Z,fint,372,366800833,28416,556,553915479,32768,1000000000
DGBEE,2026-06-19T04:19:21Z,forint,1019,1013122899,28288,1367,1354139168,33664,1000000000
DGBEE,2026-06-19T04:19:21Z,mm,133,128482759,7296,140,134711776,7424,1000000000
DGBEE,2026-06-19T04:19:21Z,nqueens,31,30743362,3328,42,42629493,3584,1000000000
DGBEE,2026-06-19T04:19:21Z,pihex,1730,1726187293,14976,1757,1749167992,15488,1000000000
DGBEE,2026-06-19T04:19:21Z,pint,241,235860143,27392,537,524298184,31616,1000000000
DGBEE,2026-06-19T04:19:21Z,primes,19,5518830,4736,18,5588603,4992,1000000000
DGBEE,2026-06-19T04:19:21Z,sieve,25,18429522,2688,76,65512117,2816,1000000000
DGBEE,2026-06-19T04:19:21Z,t2darr,3,50058,4480,9,54090,4608,1000000000
DGBEE,2026-06-19T04:19:21Z,tallocx,115,106023780,11392,138,134245160,13312,1000000000
DGBEE,2026-06-19T04:19:21Z,tap,140,132781721,7296,140,133999204,7424,1000000000
DGBEE,2026-06-19T04:19:21Z,targs,0,106554,2560,0,107263,2560,1000000000
DGBEE,2026-06-19T04:19:21Z,tarray,20,3057551,7168,23,3325264,7680,1000000000
DGBEE,2026-06-19T04:19:21Z,tasm,0,9370,2816,0,9627,2816,1000000000
DGBEE,2026-06-19T04:19:21Z,tbdos,0,89358,2944,0,91993,2944,1000000000
DGBEE,2026-06-19T04:19:21Z,tbitfld,15,223873,4864,11,226631,4992,1000000000
DGBEE,2026-06-19T04:19:21Z,tbits,4,2056924,5632,5,2058807,5632,1000000000
DGBEE,2026-06-19T04:19:21Z,tbsearch,15,792414,4992,2,868383,5632,1000000000
DGBEE,2026-06-19T04:19:21Z,tbufex,11,372798,3072,12,374176,3072,1000000000
DGBEE,2026-06-19T04:19:21Z,tbug,0,29957,3712,0,31816,3968,1000000000
DGBEE,2026-06-19T04:19:21Z,tbug2,0,16344,2944,0,16829,2944,1000000000
DGBEE,2026-06-19T04:19:21Z,tc89bit,0,37923,3968,0,39306,3968,1000000000
DGBEE,2026-06-19T04:19:21Z,tc89comp,0,71717,5760,0,72822,5888,1000000000
DGBEE,2026-06-19T04:19:21Z,tc89core,0,13900,2560,0,14047,2688,1000000000
DGBEE,2026-06-19T04:19:21Z,tc89decl,0,36039,3200,0,36936,3328,1000000000
DGBEE,2026-06-19T04:19:21Z,tc89fadd,0,17173,4480,0,19628,4736,1000000000
DGBEE,2026-06-19T04:19:21Z,tc89fcmp,6,51707,6656,14,53337,6656,1000000000
DGBEE,2026-06-19T04:19:21Z,tc89fcnv,0,14163,3328,0,16116,3712,1000000000
DGBEE,2026-06-19T04:19:21Z,tc89fdiv,9,64209,4864,3,68236,5120,1000000000
DGBEE,2026-06-19T04:19:21Z,tc89ffio,10,167076,5248,0,167086,5248,1000000000
DGBEE,2026-06-19T04:19:21Z,tc89fini,10,45743,6912,2,46065,7040,1000000000
DGBEE,2026-06-19T04:19:21Z,tc89flng,2,58739,6400,2,59783,6656,1000000000
DGBEE,2026-06-19T04:19:21Z,tc89flt,0,9038,2688,0,9215,2816,1000000000
DGBEE,2026-06-19T04:19:21Z,tc89flta,0,33307,3584,0,36667,3712,1000000000
DGBEE,2026-06-19T04:19:21Z,tc89fltc,0,16795,3200,0,18915,3200,1000000000
DGBEE,2026-06-19T04:19:21Z,tc89fmat,5,166167,6912,3,170364,7168,1000000000
DGBEE,2026-06-19T04:19:21Z,tc89fmul,0,27073,5376,0,29930,5632,1000000000
DGBEE,2026-06-19T04:19:21Z,tc89fnty,0,35291,3072,0,35853,3200,1000000000
DGBEE,2026-06-19T04:19:21Z,tc89fp,0,24733,3072,0,25371,3200,1000000000
DGBEE,2026-06-19T04:19:21Z,tc89fptr,0,27017,3200,3,29344,3328,1000000000
DGBEE,2026-06-19T04:19:21Z,tc89fs,0,12721,3456,0,14954,3712,1000000000
DGBEE,2026-06-19T04:19:21Z,tc89ini2,0,18806,4480,0,24552,5888,1000000000
DGBEE,2026-06-19T04:19:21Z,tc89init,0,29550,3712,0,30468,3712,1000000000
DGBEE,2026-06-19T04:19:21Z,tc89pp,0,30950,2688,0,31142,2688,1000000000
DGBEE,2026-06-19T04:19:21Z,tc89ptr,0,41959,4096,0,41798,4608,1000000000
DGBEE,2026-06-19T04:19:21Z,tc89qual,13,25463,3072,0,26365,3072,1000000000
DGBEE,2026-06-19T04:19:21Z,tc89size,0,28617,3456,4,29434,3584,1000000000
DGBEE,2026-06-19T04:19:21Z,tc89swjt,0,32759,4480,0,34816,4608,1000000000
DGBEE,2026-06-19T04:19:21Z,tc89uac,0,24707,3328,4,25055,3328,1000000000
DGBEE,2026-06-19T04:19:21Z,tc99scpe,11,34298,4480,10,37420,4736,1000000000
DGBEE,2026-06-19T04:19:21Z,tchess,434,426311304,17792,604,603070762,23552,1000000000
DGBEE,2026-06-19T04:19:21Z,tcmp,7,2999937,9600,5,3014200,9856,1000000000
DGBEE,2026-06-19T04:19:21Z,tcmt99,11,23990,3328,0,24578,3328,1000000000
DGBEE,2026-06-19T04:19:21Z,tcnstfld,0,27150,3328,0,27836,3328,1000000000
DGBEE,2026-06-19T04:19:21Z,tcodegen,0,18552,4736,0,20168,5120,1000000000
DGBEE,2026-06-19T04:19:21Z,tcrcfix,12,178630,7808,1,218162,8704,1000000000
DGBEE,2026-06-19T04:19:21Z,tctxflt,4,419681,18176,15,429576,18816,1000000000
DGBEE,2026-06-19T04:19:21Z,tctxops,2,137527,11392,11,139801,11776,1000000000
DGBEE,2026-06-19T04:19:21Z,tctype,0,19652,4608,0,21554,4992,1000000000
DGBEE,2026-06-19T04:19:21Z,tdecinit,0,20552,3072,0,21097,3200,1000000000
DGBEE,2026-06-19T04:19:21Z,tdecl,12,35818,3712,9,37068,3840,1000000000
DGBEE,2026-06-19T04:19:21Z,tdirent,15,852318,3456,14,965356,3584,1000000000
DGBEE,2026-06-19T04:19:21Z,tdowhile,12,52022,3072,15,53908,3200,1000000000
DGBEE,2026-06-19T04:19:21Z,tenum,10,23255,3072,12,24417,3456,1000000000
DGBEE,2026-06-19T04:19:21Z,terrno,4,330552,6400,4,333707,6528,1000000000
DGBEE,2026-06-19T04:19:21Z,tesc,9,82866,9472,3,89556,9600,1000000000
DGBEE,2026-06-19T04:19:21Z,texfile,0,181980,3328,0,182072,3328,1000000000
DGBEE,2026-06-19T04:19:21Z,texlog,0,21050,3840,0,21130,3968,1000000000
DGBEE,2026-06-19T04:19:21Z,texscan,9,74564,5120,9,74574,5120,1000000000
DGBEE,2026-06-19T04:19:21Z,texsort,12,48575,3328,13,51451,3456,1000000000
DGBEE,2026-06-19T04:19:21Z,texstrct,0,51847,3456,0,53704,3456,1000000000
DGBEE,2026-06-19T04:19:21Z,tfarrsub,0,38382,4992,5,42047,5248,1000000000
DGBEE,2026-06-19T04:19:21Z,tfio,1,117858,5248,1,118297,5248,1000000000
DGBEE,2026-06-19T04:19:21Z,tfo,1,75973,5120,1,76210,5248,1000000000
DGBEE,2026-06-19T04:19:21Z,tforblk,13,42482,5632,15,46008,5888,1000000000
DGBEE,2026-06-19T04:19:21Z,tforsco,5,45046,5632,6,49697,5888,1000000000
DGBEE,2026-06-19T04:19:21Z,tgoto,0,34642,3584,0,37667,3840,1000000000
DGBEE,2026-06-19T04:19:21Z,tifcom,0,6735,2432,0,6792,2432,1000000000
DGBEE,2026-06-19T04:19:21Z,tinitreg,0,29377,4480,1,31279,4608,1000000000
DGBEE,2026-06-19T04:19:21Z,tioerr,1,204785,6400,2,205223,6528,1000000000
DGBEE,2026-06-19T04:19:21Z,tkandr,0,25084,3200,0,26060,3328,1000000000
DGBEE,2026-06-19T04:19:21Z,tkbd,111,49784599,2560,122,45586883,2688,1000000000
DGBEE,2026-06-19T04:19:21Z,tlcont,8,146065,3200,3,146301,3200,1000000000
DGBEE,2026-06-19T04:19:21Z,tlimits,9,119880,2816,10,120188,2944,1000000000
DGBEE,2026-06-19T04:19:21Z,tlog,14,1599100,9088,6,1603615,9216,1000000000
DGBEE,2026-06-19T04:19:21Z,tlong,1,979299,7552,1,981121,7936,1000000000
DGBEE,2026-06-19T04:19:21Z,tlongaud,9,48611,5504,10,51297,5760,1000000000
DGBEE,2026-06-19T04:19:21Z,tlongidx,11,107660,3584,1,142386,3840,1000000000
DGBEE,2026-06-19T04:19:21Z,tlongopt,5,195001,15616,15,201630,16128,1000000000
DGBEE,2026-06-19T04:19:21Z,tlongreg,16,71461,8960,16,75831,9216,1000000000
DGBEE,2026-06-19T04:19:21Z,tlongsub,9,50107,6528,10,52250,6656,1000000000
DGBEE,2026-06-19T04:19:21Z,tm,50,49638583,4736,359,357150811,4864,1000000000
DGBEE,2026-06-19T04:19:21Z,tmalloch,0,26627,3584,8,31526,3840,1000000000
DGBEE,2026-06-19T04:19:21Z,tmathf,7,6276880,18560,13,6280690,18688,1000000000
DGBEE,2026-06-19T04:19:21Z,tmod3216,0,23468,3328,0,23681,3328,1000000000
DGBEE,2026-06-19T04:19:21Z,tmuldiv,6,5242721,7296,8,5248093,7424,1000000000
DGBEE,2026-06-19T04:19:21Z,tmulpow2,0,15941,3200,0,16487,3328,1000000000
DGBEE,2026-06-19T04:19:21Z,toffset,0,24768,2816,0,25184,2944,1000000000
DGBEE,2026-06-19T04:19:21Z,too,6,1637468,20096,4,1724847,21632,1000000000
DGBEE,2026-06-19T04:19:21Z,tphi,15,1387112,5504,6,1387302,5504,1000000000
DGBEE,2026-06-19T04:19:21Z,tpi,100,99184667,4224,101,99904036,4352,1000000000
DGBEE,2026-06-19T04:19:21Z,tportio,0,33193,2688,0,33330,2688,1000000000
DGBEE,2026-06-19T04:19:21Z,tpostfld,0,14174,3072,0,14739,3072,1000000000
DGBEE,2026-06-19T04:19:21Z,tpostidx,0,15665,2560,0,15751,2560,1000000000
DGBEE,2026-06-19T04:19:21Z,tpostut,0,17412,2944,0,17937,2944,1000000000
DGBEE,2026-06-19T04:19:21Z,tppifcom,0,6735,2432,0,6792,2432,1000000000
DGBEE,2026-06-19T04:19:21Z,tppreg,0,18000,2816,0,18416,2944,1000000000
DGBEE,2026-06-19T04:19:21Z,tpreproc,14,303672,3328,17,304190,3328,1000000000
DGBEE,2026-06-19T04:19:21Z,tprintf,0,303463,5888,0,303487,5888,1000000000
DGBEE,2026-06-19T04:19:21Z,tpromo,0,158212,11520,0,161934,11904,1000000000
DGBEE,2026-06-19T04:19:21Z,tpromo2,1,768337,5632,1,769951,5760,1000000000
DGBEE,2026-06-19T04:19:21Z,tptrdiff,14,24077,2944,11,24363,2944,1000000000
DGBEE,2026-06-19T04:19:21Z,tptrlhs,12,752189,20096,15,803136,21504,1000000000
DGBEE,2026-06-19T04:19:21Z,tqsort,42,40285840,6912,63,55025533,7808,1000000000
DGBEE,2026-06-19T04:19:21Z,treg,0,37456,5248,1,45552,5632,1000000000
DGBEE,2026-06-19T04:19:21Z,tret,2,1196952,5120,2,1201711,5504,1000000000
DGBEE,2026-06-19T04:19:21Z,triangle,2,52846,2688,3,56363,2688,1000000000
DGBEE,2026-06-19T04:19:21Z,trig,29,21951477,14208,28,21953483,14208,1000000000
DGBEE,2026-06-19T04:19:21Z,trtl2,1,48098,6912,0,49941,7296,1000000000
DGBEE,2026-06-19T04:19:21Z,trw,457,421046694,7040,630,629912506,7296,1000000000
DGBEE,2026-06-19T04:19:21Z,trw2,3654,3649565041,7040,4162,4162251429,7296,1000000000
DGBEE,2026-06-19T04:19:21Z,trwold,282,278067534,6272,300,298273982,6528,1000000000
DGBEE,2026-06-19T04:19:21Z,ts,1,746676,5760,2,749361,6528,1000000000
DGBEE,2026-06-19T04:19:21Z,tscanf,14,229636,8832,17,231474,9088,1000000000
DGBEE,2026-06-19T04:19:21Z,tsetjmp,1,24096,2816,16,24385,2816,1000000000
DGBEE,2026-06-19T04:19:21Z,tsprintf,5,167114,4224,10,168979,4352,1000000000
DGBEE,2026-06-19T04:19:21Z,tstackov,0,50426,2688,0,60299,2688,1000000000
DGBEE,2026-06-19T04:19:21Z,tstdc,0,81285,2560,0,81332,2688,1000000000
DGBEE,2026-06-19T04:19:21Z,tstdlib,3,112211,7168,12,115305,7296,1000000000
DGBEE,2026-06-19T04:19:21Z,tstfield,0,28800,3840,0,29844,3968,1000000000
DGBEE,2026-06-19T04:19:21Z,tstr,937,934666745,9088,1035,1028956466,9856,1000000000
DGBEE,2026-06-19T04:19:21Z,tstr2,0,200788,3968,0,201721,4224,1000000000
DGBEE,2026-06-19T04:19:21Z,tstr3,0,39251,4992,11,40769,5248,1000000000
DGBEE,2026-06-19T04:19:21Z,tstrconv,9,468103,12800,15,470894,12928,1000000000
DGBEE,2026-06-19T04:19:21Z,tstretst,8,452498,4736,11,528595,4992,1000000000
DGBEE,2026-06-19T04:19:21Z,tstri2,0,189730,3584,0,193771,3712,1000000000
DGBEE,2026-06-19T04:19:21Z,tstrify,10,180916,3072,11,181241,3072,1000000000
DGBEE,2026-06-19T04:19:21Z,tstring,377,374467302,6912,385,377270031,7424,1000000000
DGBEE,2026-06-19T04:19:21Z,tstruct,0,122606,3200,0,123534,3328,1000000000
DGBEE,2026-06-19T04:19:21Z,tstructi,0,238224,3712,0,239097,3840,1000000000
DGBEE,2026-06-19T04:19:21Z,tstructp,0,88625,3072,0,89304,3072,1000000000
DGBEE,2026-06-19T04:19:21Z,tstructv,0,447228,6144,0,459220,6272,1000000000
DGBEE,2026-06-19T04:19:21Z,tsvbuf2,7,1124593,7424,15,1171690,7552,1000000000
DGBEE,2026-06-19T04:19:21Z,tswitch,0,30199,2816,7,32878,2944,1000000000
DGBEE,2026-06-19T04:19:21Z,tsyntax,0,56699,4608,0,62267,4736,1000000000
DGBEE,2026-06-19T04:19:21Z,ttrig,58,58227691,22656,68,58577437,23168,1000000000
DGBEE,2026-06-19T04:19:21Z,ttt,63,54166770,3328,119,118142596,6144,1000000000
DGBEE,2026-06-19T04:19:21Z,ttype2,0,21333,3456,0,22240,3584,1000000000
DGBEE,2026-06-19T04:19:21Z,ttypesr,0,22293,3712,0,23264,3840,1000000000
DGBEE,2026-06-19T04:19:21Z,tunary,1,601444,5376,1,603321,6144,1000000000
DGBEE,2026-06-19T04:19:21Z,tunaryp,2,1065539,5248,2,1067823,5376,1000000000
DGBEE,2026-06-19T04:19:21Z,tunion,13,23275,2688,7,23671,2816,1000000000
DGBEE,2026-06-19T04:19:21Z,tunion2,5,261446,3584,10,262131,3712,1000000000
DGBEE,2026-06-19T04:19:21Z,tvariad,0,28874,3072,0,29549,3200,1000000000
DGBEE,2026-06-19T04:19:21Z,tzpad,3,175947,4352,7,177344,4352,1000000000
DGBEE,2026-06-19T04:19:21Z,wumpus,0,269991,12032,0,292692,14336,1000000000
